Tweet ID,Tweet Content,used
1,ğŸ‡ Ready to race? Instant 16-horse races: place a bet and race instantlyâ€”no waiting for others. Play at https://pxpony.com/game #Base #GameFi,FALSE
2,ğŸ® Level up your crypto game! True randomness: 10 on-chain entropy sources ensure fair outcomes. Play at https://pxpony.com/game #CryptoGaming #DeFi,FALSE
3,"âš¡ Instant action awaits! Fair payouts: top 3 ponies take 10x, 2.5x & 1xâ€”better odds than traditional games. Play at https://pxpony.com/game #Web3 #Gaming",FALSE
4,ğŸ”¥ Saddle up for victory! Pull-based failsafe: jackpots pay out when they reach 50% of supply; you claim your share. Play at https://pxpony.com/game #OnChain #Base,FALSE
5,"ğŸ The finish line is calling! Fixed supply: 100T PONY tokens, no minting & renounceable contractâ€”trustless fun. Play at https://pxpony.com/game #PlayToEarn #Base",FALSE
6,ğŸ¤– Let your pony run wild! Low house edge: only 10% platform feeâ€”90% goes to winners & game operations. Play at https://pxpony.com/game #Blockchain #Gaming,FALSE
7,ğŸŒŸ Be part of the next big game! ~18.75% chance to win somethingâ€”chase those 10x returns. Play at https://pxpony.com/game #Crypto #HorseRacing,FALSE
8,"ğŸ•¹ï¸ Play like never before! Built on Base Mainnet: low gas, secure & EVM compatible. Play at https://pxpony.com/game #FairPlay #GameFi",FALSE
9,ğŸ¯ Aim for a 10x win! Verified contracts: open source & auditedâ€”zero security vulnerabilities. Play at https://pxpony.com/game #Innovation #GameOn,FALSE
10,ğŸ’¥ Enter the arena! Progressive jackpot: every bet grows the jackpot until it triggers & pays out. Play at https://pxpony.com/game #InstantRacing #Base,FALSE
11,ğŸ‡ Ready to race? Instant 16-horse races: place a bet and race instantlyâ€”no waiting for others. Play at https://pxpony.com/game #Base #GameFi,FALSE
12,ğŸ® Level up your crypto game! True randomness: 10 on-chain entropy sources ensure fair outcomes. Play at https://pxpony.com/game #CryptoGaming #DeFi,FALSE
13,"âš¡ Instant action awaits! Fair payouts: top 3 ponies take 10x, 2.5x & 1xâ€”better odds than traditional games. Play at https://pxpony.com/game #Web3 #Gaming",FALSE
14,ğŸ”¥ Saddle up for victory! Pull-based failsafe: jackpots pay out when they reach 50% of supply; you claim your share. Play at https://pxpony.com/game #OnChain #Base,FALSE
15,"ğŸ The finish line is calling! Fixed supply: 100T PONY tokens, no minting & renounceable contractâ€”trustless fun. Play at https://pxpony.com/game #PlayToEarn #Base",FALSE
16,ğŸ¤– Let your pony run wild! Low house edge: only 10% platform feeâ€”90% goes to winners & game operations. Play at https://pxpony.com/game #Blockchain #Gaming,FALSE
17,ğŸŒŸ Be part of the next big game! ~18.75% chance to win somethingâ€”chase those 10x returns. Play at https://pxpony.com/game #Crypto #HorseRacing,FALSE
18,"ğŸ•¹ï¸ Play like never before! Built on Base Mainnet: low gas, secure & EVM compatible. Play at https://pxpony.com/game #FairPlay #GameFi",FALSE
19,ğŸ¯ Aim for a 10x win! Verified contracts: open source & auditedâ€”zero security vulnerabilities. Play at https://pxpony.com/game #Innovation #GameOn,FALSE
20,ğŸ’¥ Enter the arena! Progressive jackpot: every bet grows the jackpot until it triggers & pays out. Play at https://pxpony.com/game #InstantRacing #Base,FALSE
21,ğŸ‡ Ready to race? Instant 16-horse races: place a bet and race instantlyâ€”no waiting for others. Play at https://pxpony.com/game #Base #GameFi,FALSE
22,ğŸ® Level up your crypto game! True randomness: 10 on-chain entropy sources ensure fair outcomes. Play at https://pxpony.com/game #CryptoGaming #DeFi,FALSE
23,"âš¡ Instant action awaits! Fair payouts: top 3 ponies take 10x, 2.5x & 1xâ€”better odds than traditional games. Play at https://pxpony.com/game #Web3 #Gaming",FALSE
24,ğŸ”¥ Saddle up for victory! Pull-based failsafe: jackpots pay out when they reach 50% of supply; you claim your share. Play at https://pxpony.com/game #OnChain #Base,FALSE
25,"ğŸ The finish line is calling! Fixed supply: 100T PONY tokens, no minting & renounceable contractâ€”trustless fun. Play at https://pxpony.com/game #PlayToEarn #Base",FALSE
26,ğŸ¤– Let your pony run wild! Low house edge: only 10% platform feeâ€”90% goes to winners & game operations. Play at https://pxpony.com/game #Blockchain #Gaming,FALSE
27,ğŸŒŸ Be part of the next big game! ~18.75% chance to win somethingâ€”chase those 10x returns. Play at https://pxpony.com/game #Crypto #HorseRacing,FALSE
28,"ğŸ•¹ï¸ Play like never before! Built on Base Mainnet: low gas, secure & EVM compatible. Play at https://pxpony.com/game #FairPlay #GameFi",FALSE
29,ğŸ¯ Aim for a 10x win! Verified contracts: open source & auditedâ€”zero security vulnerabilities. Play at https://pxpony.com/game #Innovation #GameOn,FALSE
30,ğŸ’¥ Enter the arena! Progressive jackpot: every bet grows the jackpot until it triggers & pays out. Play at https://pxpony.com/game #InstantRacing #Base,FALSE
31,ğŸ‡ Ready to race? Instant 16-horse races: place a bet and race instantlyâ€”no waiting for others. Play at https://pxpony.com/game #Base #GameFi,FALSE
32,ğŸ® Level up your crypto game! True randomness: 10 on-chain entropy sources ensure fair outcomes. Play at https://pxpony.com/game #CryptoGaming #DeFi,FALSE
33,"âš¡ Instant action awaits! Fair payouts: top 3 ponies take 10x, 2.5x & 1xâ€”better odds than traditional games. Play at https://pxpony.com/game #Web3 #Gaming",FALSE
34,ğŸ”¥ Saddle up for victory! Pull-based failsafe: jackpots pay out when they reach 50% of supply; you claim your share. Play at https://pxpony.com/game #OnChain #Base,FALSE
35,"ğŸ The finish line is calling! Fixed supply: 100T PONY tokens, no minting & renounceable contractâ€”trustless fun. Play at https://pxpony.com/game #PlayToEarn #Base",FALSE
36,ğŸ¤– Let your pony run wild! Low house edge: only 10% platform feeâ€”90% goes to winners & game operations. Play at https://pxpony.com/game #Blockchain #Gaming,FALSE
37,ğŸŒŸ Be part of the next big game! ~18.75% chance to win somethingâ€”chase those 10x returns. Play at https://pxpony.com/game #Crypto #HorseRacing,FALSE
38,"ğŸ•¹ï¸ Play like never before! Built on Base Mainnet: low gas, secure & EVM compatible. Play at https://pxpony.com/game #FairPlay #GameFi",FALSE
39,ğŸ¯ Aim for a 10x win! Verified contracts: open source & auditedâ€”zero security vulnerabilities. Play at https://pxpony.com/game #Innovation #GameOn,FALSE
40,ğŸ’¥ Enter the arena! Progressive jackpot: every bet grows the jackpot until it triggers & pays out. Play at https://pxpony.com/game #InstantRacing #Base,FALSE
41,ğŸ‡ Ready to race? Instant 16-horse races: place a bet and race instantlyâ€”no waiting for others. Play at https://pxpony.com/game #Base #GameFi,FALSE
42,ğŸ® Level up your crypto game! True randomness: 10 on-chain entropy sources ensure fair outcomes. Play at https://pxpony.com/game #CryptoGaming #DeFi,FALSE
43,"âš¡ Instant action awaits! Fair payouts: top 3 ponies take 10x, 2.5x & 1xâ€”better odds than traditional games. Play at https://pxpony.com/game #Web3 #Gaming",FALSE
44,ğŸ”¥ Saddle up for victory! Pull-based failsafe: jackpots pay out when they reach 50% of supply; you claim your share. Play at https://pxpony.com/game #OnChain #Base,FALSE
45,"ğŸ The finish line is calling! Fixed supply: 100T PONY tokens, no minting & renounceable contractâ€”trustless fun. Play at https://pxpony.com/game #PlayToEarn #Base",FALSE
46,ğŸ¤– Let your pony run wild! Low house edge: only 10% platform feeâ€”90% goes to winners & game operations. Play at https://pxpony.com/game #Blockchain #Gaming,FALSE
47,ğŸŒŸ Be part of the next big game! ~18.75% chance to win somethingâ€”chase those 10x returns. Play at https://pxpony.com/game #Crypto #HorseRacing,FALSE
48,"ğŸ•¹ï¸ Play like never before! Built on Base Mainnet: low gas, secure & EVM compatible. Play at https://pxpony.com/game #FairPlay #GameFi",FALSE
49,ğŸ¯ Aim for a 10x win! Verified contracts: open source & auditedâ€”zero security vulnerabilities. Play at https://pxpony.com/game #Innovation #GameOn,FALSE
50,ğŸ’¥ Enter the arena! Progressive jackpot: every bet grows the jackpot until it triggers & pays out. Play at https://pxpony.com/game #InstantRacing #Base,FALSE
51,ğŸ‡ Ready to race? Instant 16-horse races: place a bet and race instantlyâ€”no waiting for others. Play at https://pxpony.com/game #Base #GameFi,FALSE
52,ğŸ® Level up your crypto game! True randomness: 10 on-chain entropy sources ensure fair outcomes. Play at https://pxpony.com/game #CryptoGaming #DeFi,FALSE
53,"âš¡ Instant action awaits! Fair payouts: top 3 ponies take 10x, 2.5x & 1xâ€”better odds than traditional games. Play at https://pxpony.com/game #Web3 #Gaming",FALSE
54,ğŸ”¥ Saddle up for victory! Pull-based failsafe: jackpots pay out when they reach 50% of supply; you claim your share. Play at https://pxpony.com/game #OnChain #Base,FALSE
55,"ğŸ The finish line is calling! Fixed supply: 100T PONY tokens, no minting & renounceable contractâ€”trustless fun. Play at https://pxpony.com/game #PlayToEarn #Base",FALSE
56,ğŸ¤– Let your pony run wild! Low house edge: only 10% platform feeâ€”90% goes to winners & game operations. Play at https://pxpony.com/game #Blockchain #Gaming,FALSE
57,ğŸŒŸ Be part of the next big game! ~18.75% chance to win somethingâ€”chase those 10x returns. Play at https://pxpony.com/game #Crypto #HorseRacing,FALSE
58,"ğŸ•¹ï¸ Play like never before! Built on Base Mainnet: low gas, secure & EVM compatible. Play at https://pxpony.com/game #FairPlay #GameFi",FALSE
59,ğŸ¯ Aim for a 10x win! Verified contracts: open source & auditedâ€”zero security vulnerabilities. Play at https://pxpony.com/game #Innovation #GameOn,FALSE
60,ğŸ’¥ Enter the arena! Progressive jackpot: every bet grows the jackpot until it triggers & pays out. Play at https://pxpony.com/game #InstantRacing #Base,FALSE
61,ğŸ‡ Ready to race? Instant 16-horse races: place a bet and race instantlyâ€”no waiting for others. Play at https://pxpony.com/game #Base #GameFi,FALSE
62,ğŸ® Level up your crypto game! True randomness: 10 on-chain entropy sources ensure fair outcomes. Play at https://pxpony.com/game #CryptoGaming #DeFi,FALSE
63,"âš¡ Instant action awaits! Fair payouts: top 3 ponies take 10x, 2.5x & 1xâ€”better odds than traditional games. Play at https://pxpony.com/game #Web3 #Gaming",FALSE
64,ğŸ”¥ Saddle up for victory! Pull-based failsafe: jackpots pay out when they reach 50% of supply; you claim your share. Play at https://pxpony.com/game #OnChain #Base,FALSE
65,"ğŸ The finish line is calling! Fixed supply: 100T PONY tokens, no minting & renounceable contractâ€”trustless fun. Play at https://pxpony.com/game #PlayToEarn #Base",FALSE
66,ğŸ¤– Let your pony run wild! Low house edge: only 10% platform feeâ€”90% goes to winners & game operations. Play at https://pxpony.com/game #Blockchain #Gaming,FALSE
67,ğŸŒŸ Be part of the next big game! ~18.75% chance to win somethingâ€”chase those 10x returns. Play at https://pxpony.com/game #Crypto #HorseRacing,FALSE
68,"ğŸ•¹ï¸ Play like never before! Built on Base Mainnet: low gas, secure & EVM compatible. Play at https://pxpony.com/game #FairPlay #GameFi",FALSE
69,ğŸ¯ Aim for a 10x win! Verified contracts: open source & auditedâ€”zero security vulnerabilities. Play at https://pxpony.com/game #Innovation #GameOn,FALSE
70,ğŸ’¥ Enter the arena! Progressive jackpot: every bet grows the jackpot until it triggers & pays out. Play at https://pxpony.com/game #InstantRacing #Base,FALSE
71,ğŸ‡ Ready to race? Instant 16-horse races: place a bet and race instantlyâ€”no waiting for others. Play at https://pxpony.com/game #Base #GameFi,FALSE
72,ğŸ® Level up your crypto game! True randomness: 10 on-chain entropy sources ensure fair outcomes. Play at https://pxpony.com/game #CryptoGaming #DeFi,FALSE
73,"âš¡ Instant action awaits! Fair payouts: top 3 ponies take 10x, 2.5x & 1xâ€”better odds than traditional games. Play at https://pxpony.com/game #Web3 #Gaming",FALSE
74,ğŸ”¥ Saddle up for victory! Pull-based failsafe: jackpots pay out when they reach 50% of supply; you claim your share. Play at https://pxpony.com/game #OnChain #Base,FALSE
75,"ğŸ The finish line is calling! Fixed supply: 100T PONY tokens, no minting & renounceable contractâ€”trustless fun. Play at https://pxpony.com/game #PlayToEarn #Base",FALSE
76,ğŸ¤– Let your pony run wild! Low house edge: only 10% platform feeâ€”90% goes to winners & game operations. Play at https://pxpony.com/game #Blockchain #Gaming,FALSE
77,ğŸŒŸ Be part of the next big game! ~18.75% chance to win somethingâ€”chase those 10x returns. Play at https://pxpony.com/game #Crypto #HorseRacing,FALSE
78,"ğŸ•¹ï¸ Play like never before! Built on Base Mainnet: low gas, secure & EVM compatible. Play at https://pxpony.com/game #FairPlay #GameFi",FALSE
79,ğŸ¯ Aim for a 10x win! Verified contracts: open source & auditedâ€”zero security vulnerabilities. Play at https://pxpony.com/game #Innovation #GameOn,FALSE
80,ğŸ’¥ Enter the arena! Progressive jackpot: every bet grows the jackpot until it triggers & pays out. Play at https://pxpony.com/game #InstantRacing #Base,FALSE
81,ğŸ‡ Ready to race? Instant 16-horse races: place a bet and race instantlyâ€”no waiting for others. Play at https://pxpony.com/game #Base #GameFi,FALSE
82,ğŸ® Level up your crypto game! True randomness: 10 on-chain entropy sources ensure fair outcomes. Play at https://pxpony.com/game #CryptoGaming #DeFi,FALSE
83,"âš¡ Instant action awaits! Fair payouts: top 3 ponies take 10x, 2.5x & 1xâ€”better odds than traditional games. Play at https://pxpony.com/game #Web3 #Gaming",FALSE
84,ğŸ”¥ Saddle up for victory! Pull-based failsafe: jackpots pay out when they reach 50% of supply; you claim your share. Play at https://pxpony.com/game #OnChain #Base,FALSE
85,"ğŸ The finish line is calling! Fixed supply: 100T PONY tokens, no minting & renounceable contractâ€”trustless fun. Play at https://pxpony.com/game #PlayToEarn #Base",FALSE
86,ğŸ¤– Let your pony run wild! Low house edge: only 10% platform feeâ€”90% goes to winners & game operations. Play at https://pxpony.com/game #Blockchain #Gaming,FALSE
87,ğŸŒŸ Be part of the next big game! ~18.75% chance to win somethingâ€”chase those 10x returns. Play at https://pxpony.com/game #Crypto #HorseRacing,FALSE
88,"ğŸ•¹ï¸ Play like never before! Built on Base Mainnet: low gas, secure & EVM compatible. Play at https://pxpony.com/game #FairPlay #GameFi",FALSE
89,ğŸ¯ Aim for a 10x win! Verified contracts: open source & auditedâ€”zero security vulnerabilities. Play at https://pxpony.com/game #Innovation #GameOn,FALSE
90,ğŸ’¥ Enter the arena! Progressive jackpot: every bet grows the jackpot until it triggers & pays out. Play at https://pxpony.com/game #InstantRacing #Base,FALSE
91,ğŸ‡ Ready to race? Instant 16-horse races: place a bet and race instantlyâ€”no waiting for others. Play at https://pxpony.com/game #Base #GameFi,FALSE
92,ğŸ® Level up your crypto game! True randomness: 10 on-chain entropy sources ensure fair outcomes. Play at https://pxpony.com/game #CryptoGaming #DeFi,FALSE
93,"âš¡ Instant action awaits! Fair payouts: top 3 ponies take 10x, 2.5x & 1xâ€”better odds than traditional games. Play at https://pxpony.com/game #Web3 #Gaming",FALSE
94,ğŸ”¥ Saddle up for victory! Pull-based failsafe: jackpots pay out when they reach 50% of supply; you claim your share. Play at https://pxpony.com/game #OnChain #Base,FALSE
95,"ğŸ The finish line is calling! Fixed supply: 100T PONY tokens, no minting & renounceable contractâ€”trustless fun. Play at https://pxpony.com/game #PlayToEarn #Base",FALSE
96,ğŸ¤– Let your pony run wild! Low house edge: only 10% platform feeâ€”90% goes to winners & game operations. Play at https://pxpony.com/game #Blockchain #Gaming,FALSE
97,ğŸŒŸ Be part of the next big game! ~18.75% chance to win somethingâ€”chase those 10x returns. Play at https://pxpony.com/game #Crypto #HorseRacing,FALSE
98,"ğŸ•¹ï¸ Play like never before! Built on Base Mainnet: low gas, secure & EVM compatible. Play at https://pxpony.com/game #FairPlay #GameFi",FALSE
99,ğŸ¯ Aim for a 10x win! Verified contracts: open source & auditedâ€”zero security vulnerabilities. Play at https://pxpony.com/game #Innovation #GameOn,FALSE
100,ğŸ’¥ Enter the arena! Progressive jackpot: every bet grows the jackpot until it triggers & pays out. Play at https://pxpony.com/game #InstantRacing #Base,FALSE
101,ğŸ’¸ Want a new income stream? Earn up to 50% of race fees with our tiered commissions (Bronze to Diamond). Get your link at https://pxpony.com/referrals #AffiliateMarketing #Crypto,FALSE
102,ğŸ¤ Partner with us! No purchase necessary â€“ share your link and earn from friendsâ€™ bets. Get your link at https://pxpony.com/referrals #PassiveIncome #GameFi,FALSE
103,ğŸš€ Earn while others play! Multi-level rewards: get 5% on the players your referrals bring in. Get your link at https://pxpony.com/referrals #Web3Rewards #Base,FALSE
104,"ğŸ… Become a top affiliate! Unlimited referrals: the more friends you invite, the more you earn. Get your link at https://pxpony.com/referrals #EarnCrypto #Referral",FALSE
105,ğŸ Share and prosper! Claim your rewards once you've accumulated 0.0005 ETH â€“ simple and fast. Get your link at https://pxpony.com/referrals #SideHustle #DeFi,FALSE
106,ğŸ“£ Call your friends! Every 0.0005 ETH entry by your network adds to your earnings. Get your link at https://pxpony.com/referrals #CryptoAffiliate #Web3,FALSE
107,ğŸ¤‘ Grab your referral link! Start at Bronze (5%) and climb to Diamond (50%) by referring more racers. Get your link at https://pxpony.com/referrals #BaseChain #Earnings,FALSE
108,ğŸª™ Stack ETH effortlessly! Get paid in ETH while your friends enjoy the game â€“ talk about a win-win! Get your link at https://pxpony.com/referrals #TeamBuild #Crypto,FALSE
109,"ğŸ‰ Your crypto side hustle awaits! Your side hustle just got easier: share, track, and earn forever. Get your link at https://pxpony.com/referrals #NetworkRewards #GameFi",FALSE
110,ğŸ”— Spread the word! Join our community of affiliates and share in the excitement and profits. Get your link at https://pxpony.com/referrals #Commission #Blockchain,FALSE
111,ğŸ’¸ Want a new income stream? Earn up to 50% of race fees with our tiered commissions (Bronze to Diamond). Get your link at https://pxpony.com/referrals #AffiliateMarketing #Crypto,FALSE
112,ğŸ¤ Partner with us! No purchase necessary â€“ share your link and earn from friendsâ€™ bets. Get your link at https://pxpony.com/referrals #PassiveIncome #GameFi,FALSE
113,ğŸš€ Earn while others play! Multi-level rewards: get 5% on the players your referrals bring in. Get your link at https://pxpony.com/referrals #Web3Rewards #Base,FALSE
114,"ğŸ… Become a top affiliate! Unlimited referrals: the more friends you invite, the more you earn. Get your link at https://pxpony.com/referrals #EarnCrypto #Referral",FALSE
115,ğŸ Share and prosper! Claim your rewards once you've accumulated 0.0005 ETH â€“ simple and fast. Get your link at https://pxpony.com/referrals #SideHustle #DeFi,FALSE
116,ğŸ“£ Call your friends! Every 0.0005 ETH entry by your network adds to your earnings. Get your link at https://pxpony.com/referrals #CryptoAffiliate #Web3,FALSE
117,ğŸ¤‘ Grab your referral link! Start at Bronze (5%) and climb to Diamond (50%) by referring more racers. Get your link at https://pxpony.com/referrals #BaseChain #Earnings,FALSE
118,ğŸª™ Stack ETH effortlessly! Get paid in ETH while your friends enjoy the game â€“ talk about a win-win! Get your link at https://pxpony.com/referrals #TeamBuild #Crypto,FALSE
119,"ğŸ‰ Your crypto side hustle awaits! Your side hustle just got easier: share, track, and earn forever. Get your link at https://pxpony.com/referrals #NetworkRewards #GameFi",FALSE
120,ğŸ”— Spread the word! Join our community of affiliates and share in the excitement and profits. Get your link at https://pxpony.com/referrals #Commission #Blockchain,FALSE
121,ğŸ’¸ Want a new income stream? Earn up to 50% of race fees with our tiered commissions (Bronze to Diamond). Get your link at https://pxpony.com/referrals #AffiliateMarketing #Crypto,FALSE
122,ğŸ¤ Partner with us! No purchase necessary â€“ share your link and earn from friendsâ€™ bets. Get your link at https://pxpony.com/referrals #PassiveIncome #GameFi,FALSE
123,ğŸš€ Earn while others play! Multi-level rewards: get 5% on the players your referrals bring in. Get your link at https://pxpony.com/referrals #Web3Rewards #Base,FALSE
124,"ğŸ… Become a top affiliate! Unlimited referrals: the more friends you invite, the more you earn. Get your link at https://pxpony.com/referrals #EarnCrypto #Referral",FALSE
125,ğŸ Share and prosper! Claim your rewards once you've accumulated 0.0005 ETH â€“ simple and fast. Get your link at https://pxpony.com/referrals #SideHustle #DeFi,FALSE
126,ğŸ“£ Call your friends! Every 0.0005 ETH entry by your network adds to your earnings. Get your link at https://pxpony.com/referrals #CryptoAffiliate #Web3,FALSE
127,ğŸ¤‘ Grab your referral link! Start at Bronze (5%) and climb to Diamond (50%) by referring more racers. Get your link at https://pxpony.com/referrals #BaseChain #Earnings,FALSE
128,ğŸª™ Stack ETH effortlessly! Get paid in ETH while your friends enjoy the game â€“ talk about a win-win! Get your link at https://pxpony.com/referrals #TeamBuild #Crypto,FALSE
129,"ğŸ‰ Your crypto side hustle awaits! Your side hustle just got easier: share, track, and earn forever. Get your link at https://pxpony.com/referrals #NetworkRewards #GameFi",FALSE
130,ğŸ”— Spread the word! Join our community of affiliates and share in the excitement and profits. Get your link at https://pxpony.com/referrals #Commission #Blockchain,FALSE
131,ğŸ’¸ Want a new income stream? Earn up to 50% of race fees with our tiered commissions (Bronze to Diamond). Get your link at https://pxpony.com/referrals #AffiliateMarketing #Crypto,FALSE
132,ğŸ¤ Partner with us! No purchase necessary â€“ share your link and earn from friendsâ€™ bets. Get your link at https://pxpony.com/referrals #PassiveIncome #GameFi,FALSE
133,ğŸš€ Earn while others play! Multi-level rewards: get 5% on the players your referrals bring in. Get your link at https://pxpony.com/referrals #Web3Rewards #Base,FALSE
134,"ğŸ… Become a top affiliate! Unlimited referrals: the more friends you invite, the more you earn. Get your link at https://pxpony.com/referrals #EarnCrypto #Referral",FALSE
135,ğŸ Share and prosper! Claim your rewards once you've accumulated 0.0005 ETH â€“ simple and fast. Get your link at https://pxpony.com/referrals #SideHustle #DeFi,FALSE
136,ğŸ“£ Call your friends! Every 0.0005 ETH entry by your network adds to your earnings. Get your link at https://pxpony.com/referrals #CryptoAffiliate #Web3,FALSE
137,ğŸ¤‘ Grab your referral link! Start at Bronze (5%) and climb to Diamond (50%) by referring more racers. Get your link at https://pxpony.com/referrals #BaseChain #Earnings,FALSE
138,ğŸª™ Stack ETH effortlessly! Get paid in ETH while your friends enjoy the game â€“ talk about a win-win! Get your link at https://pxpony.com/referrals #TeamBuild #Crypto,FALSE
139,"ğŸ‰ Your crypto side hustle awaits! Your side hustle just got easier: share, track, and earn forever. Get your link at https://pxpony.com/referrals #NetworkRewards #GameFi",FALSE
140,ğŸ”— Spread the word! Join our community of affiliates and share in the excitement and profits. Get your link at https://pxpony.com/referrals #Commission #Blockchain,FALSE
141,ğŸ’¸ Want a new income stream? Earn up to 50% of race fees with our tiered commissions (Bronze to Diamond). Get your link at https://pxpony.com/referrals #AffiliateMarketing #Crypto,FALSE
142,ğŸ¤ Partner with us! No purchase necessary â€“ share your link and earn from friendsâ€™ bets. Get your link at https://pxpony.com/referrals #PassiveIncome #GameFi,FALSE
143,ğŸš€ Earn while others play! Multi-level rewards: get 5% on the players your referrals bring in. Get your link at https://pxpony.com/referrals #Web3Rewards #Base,FALSE
144,"ğŸ… Become a top affiliate! Unlimited referrals: the more friends you invite, the more you earn. Get your link at https://pxpony.com/referrals #EarnCrypto #Referral",FALSE
145,ğŸ Share and prosper! Claim your rewards once you've accumulated 0.0005 ETH â€“ simple and fast. Get your link at https://pxpony.com/referrals #SideHustle #DeFi,FALSE
146,ğŸ“£ Call your friends! Every 0.0005 ETH entry by your network adds to your earnings. Get your link at https://pxpony.com/referrals #CryptoAffiliate #Web3,FALSE
147,ğŸ¤‘ Grab your referral link! Start at Bronze (5%) and climb to Diamond (50%) by referring more racers. Get your link at https://pxpony.com/referrals #BaseChain #Earnings,FALSE
148,ğŸª™ Stack ETH effortlessly! Get paid in ETH while your friends enjoy the game â€“ talk about a win-win! Get your link at https://pxpony.com/referrals #TeamBuild #Crypto,FALSE
149,"ğŸ‰ Your crypto side hustle awaits! Your side hustle just got easier: share, track, and earn forever. Get your link at https://pxpony.com/referrals #NetworkRewards #GameFi",FALSE
150,ğŸ”— Spread the word! Join our community of affiliates and share in the excitement and profits. Get your link at https://pxpony.com/referrals #Commission #Blockchain,FALSE
151,ğŸ’¸ Want a new income stream? Earn up to 50% of race fees with our tiered commissions (Bronze to Diamond). Get your link at https://pxpony.com/referrals #AffiliateMarketing #Crypto,FALSE
152,ğŸ¤ Partner with us! No purchase necessary â€“ share your link and earn from friendsâ€™ bets. Get your link at https://pxpony.com/referrals #PassiveIncome #GameFi,FALSE
153,ğŸš€ Earn while others play! Multi-level rewards: get 5% on the players your referrals bring in. Get your link at https://pxpony.com/referrals #Web3Rewards #Base,FALSE
154,"ğŸ… Become a top affiliate! Unlimited referrals: the more friends you invite, the more you earn. Get your link at https://pxpony.com/referrals #EarnCrypto #Referral",FALSE
155,ğŸ Share and prosper! Claim your rewards once you've accumulated 0.0005 ETH â€“ simple and fast. Get your link at https://pxpony.com/referrals #SideHustle #DeFi,FALSE
156,ğŸ“£ Call your friends! Every 0.0005 ETH entry by your network adds to your earnings. Get your link at https://pxpony.com/referrals #CryptoAffiliate #Web3,FALSE
157,ğŸ¤‘ Grab your referral link! Start at Bronze (5%) and climb to Diamond (50%) by referring more racers. Get your link at https://pxpony.com/referrals #BaseChain #Earnings,FALSE
158,ğŸª™ Stack ETH effortlessly! Get paid in ETH while your friends enjoy the game â€“ talk about a win-win! Get your link at https://pxpony.com/referrals #TeamBuild #Crypto,FALSE
159,"ğŸ‰ Your crypto side hustle awaits! Your side hustle just got easier: share, track, and earn forever. Get your link at https://pxpony.com/referrals #NetworkRewards #GameFi",FALSE
160,ğŸ”— Spread the word! Join our community of affiliates and share in the excitement and profits. Get your link at https://pxpony.com/referrals #Commission #Blockchain,FALSE
161,ğŸ’¸ Want a new income stream? Earn up to 50% of race fees with our tiered commissions (Bronze to Diamond). Get your link at https://pxpony.com/referrals #AffiliateMarketing #Crypto,FALSE
162,ğŸ¤ Partner with us! No purchase necessary â€“ share your link and earn from friendsâ€™ bets. Get your link at https://pxpony.com/referrals #PassiveIncome #GameFi,FALSE
163,ğŸš€ Earn while others play! Multi-level rewards: get 5% on the players your referrals bring in. Get your link at https://pxpony.com/referrals #Web3Rewards #Base,FALSE
164,"ğŸ… Become a top affiliate! Unlimited referrals: the more friends you invite, the more you earn. Get your link at https://pxpony.com/referrals #EarnCrypto #Referral",FALSE
165,ğŸ Share and prosper! Claim your rewards once you've accumulated 0.0005 ETH â€“ simple and fast. Get your link at https://pxpony.com/referrals #SideHustle #DeFi,FALSE
166,ğŸ“£ Call your friends! Every 0.0005 ETH entry by your network adds to your earnings. Get your link at https://pxpony.com/referrals #CryptoAffiliate #Web3,FALSE
167,ğŸ¤‘ Grab your referral link! Start at Bronze (5%) and climb to Diamond (50%) by referring more racers. Get your link at https://pxpony.com/referrals #BaseChain #Earnings,FALSE
168,ğŸª™ Stack ETH effortlessly! Get paid in ETH while your friends enjoy the game â€“ talk about a win-win! Get your link at https://pxpony.com/referrals #TeamBuild #Crypto,FALSE
169,"ğŸ‰ Your crypto side hustle awaits! Your side hustle just got easier: share, track, and earn forever. Get your link at https://pxpony.com/referrals #NetworkRewards #GameFi",FALSE
170,ğŸ”— Spread the word! Join our community of affiliates and share in the excitement and profits. Get your link at https://pxpony.com/referrals #Commission #Blockchain,FALSE
171,ğŸ’¸ Want a new income stream? Earn up to 50% of race fees with our tiered commissions (Bronze to Diamond). Get your link at https://pxpony.com/referrals #AffiliateMarketing #Crypto,FALSE
172,ğŸ¤ Partner with us! No purchase necessary â€“ share your link and earn from friendsâ€™ bets. Get your link at https://pxpony.com/referrals #PassiveIncome #GameFi,FALSE
173,ğŸš€ Earn while others play! Multi-level rewards: get 5% on the players your referrals bring in. Get your link at https://pxpony.com/referrals #Web3Rewards #Base,FALSE
174,"ğŸ… Become a top affiliate! Unlimited referrals: the more friends you invite, the more you earn. Get your link at https://pxpony.com/referrals #EarnCrypto #Referral",FALSE
175,ğŸ Share and prosper! Claim your rewards once you've accumulated 0.0005 ETH â€“ simple and fast. Get your link at https://pxpony.com/referrals #SideHustle #DeFi,FALSE
176,ğŸ“£ Call your friends! Every 0.0005 ETH entry by your network adds to your earnings. Get your link at https://pxpony.com/referrals #CryptoAffiliate #Web3,FALSE
177,ğŸ¤‘ Grab your referral link! Start at Bronze (5%) and climb to Diamond (50%) by referring more racers. Get your link at https://pxpony.com/referrals #BaseChain #Earnings,FALSE
178,ğŸª™ Stack ETH effortlessly! Get paid in ETH while your friends enjoy the game â€“ talk about a win-win! Get your link at https://pxpony.com/referrals #TeamBuild #Crypto,FALSE
179,"ğŸ‰ Your crypto side hustle awaits! Your side hustle just got easier: share, track, and earn forever. Get your link at https://pxpony.com/referrals #NetworkRewards #GameFi",FALSE
180,ğŸ”— Spread the word! Join our community of affiliates and share in the excitement and profits. Get your link at https://pxpony.com/referrals #Commission #Blockchain,FALSE
181,ğŸ’¸ Want a new income stream? Earn up to 50% of race fees with our tiered commissions (Bronze to Diamond). Get your link at https://pxpony.com/referrals #AffiliateMarketing #Crypto,FALSE
182,ğŸ¤ Partner with us! No purchase necessary â€“ share your link and earn from friendsâ€™ bets. Get your link at https://pxpony.com/referrals #PassiveIncome #GameFi,FALSE
183,ğŸš€ Earn while others play! Multi-level rewards: get 5% on the players your referrals bring in. Get your link at https://pxpony.com/referrals #Web3Rewards #Base,FALSE
184,"ğŸ… Become a top affiliate! Unlimited referrals: the more friends you invite, the more you earn. Get your link at https://pxpony.com/referrals #EarnCrypto #Referral",FALSE
185,ğŸ Share and prosper! Claim your rewards once you've accumulated 0.0005 ETH â€“ simple and fast. Get your link at https://pxpony.com/referrals #SideHustle #DeFi,FALSE
186,ğŸ“£ Call your friends! Every 0.0005 ETH entry by your network adds to your earnings. Get your link at https://pxpony.com/referrals #CryptoAffiliate #Web3,FALSE
187,ğŸ¤‘ Grab your referral link! Start at Bronze (5%) and climb to Diamond (50%) by referring more racers. Get your link at https://pxpony.com/referrals #BaseChain #Earnings,FALSE
188,ğŸª™ Stack ETH effortlessly! Get paid in ETH while your friends enjoy the game â€“ talk about a win-win! Get your link at https://pxpony.com/referrals #TeamBuild #Crypto,FALSE
189,"ğŸ‰ Your crypto side hustle awaits! Your side hustle just got easier: share, track, and earn forever. Get your link at https://pxpony.com/referrals #NetworkRewards #GameFi",FALSE
190,ğŸ”— Spread the word! Join our community of affiliates and share in the excitement and profits. Get your link at https://pxpony.com/referrals #Commission #Blockchain,FALSE
191,ğŸ’¸ Want a new income stream? Earn up to 50% of race fees with our tiered commissions (Bronze to Diamond). Get your link at https://pxpony.com/referrals #AffiliateMarketing #Crypto,FALSE
192,ğŸ¤ Partner with us! No purchase necessary â€“ share your link and earn from friendsâ€™ bets. Get your link at https://pxpony.com/referrals #PassiveIncome #GameFi,FALSE
193,ğŸš€ Earn while others play! Multi-level rewards: get 5% on the players your referrals bring in. Get your link at https://pxpony.com/referrals #Web3Rewards #Base,FALSE
194,"ğŸ… Become a top affiliate! Unlimited referrals: the more friends you invite, the more you earn. Get your link at https://pxpony.com/referrals #EarnCrypto #Referral",FALSE
195,ğŸ Share and prosper! Claim your rewards once you've accumulated 0.0005 ETH â€“ simple and fast. Get your link at https://pxpony.com/referrals #SideHustle #DeFi,FALSE
196,ğŸ“£ Call your friends! Every 0.0005 ETH entry by your network adds to your earnings. Get your link at https://pxpony.com/referrals #CryptoAffiliate #Web3,FALSE
197,ğŸ¤‘ Grab your referral link! Start at Bronze (5%) and climb to Diamond (50%) by referring more racers. Get your link at https://pxpony.com/referrals #BaseChain #Earnings,FALSE
198,ğŸª™ Stack ETH effortlessly! Get paid in ETH while your friends enjoy the game â€“ talk about a win-win! Get your link at https://pxpony.com/referrals #TeamBuild #Crypto,FALSE
199,"ğŸ‰ Your crypto side hustle awaits! Your side hustle just got easier: share, track, and earn forever. Get your link at https://pxpony.com/referrals #NetworkRewards #GameFi",FALSE
200,ğŸ”— Spread the word! Join our community of affiliates and share in the excitement and profits. Get your link at https://pxpony.com/referrals #Commission #Blockchain,FALSE
